{"cameraMode":{"drawMode":0,"name":"Shaded","section":"Shading Mode"},"sceneLighting":true,"audioPlay":false,"sceneViewState":{"m_AlwaysRefresh":false,"showFog":true,"showSkybox":true,"showFlares":true,"showImageEffects":true,"showParticleSystems":true,"showVisualEffectGraphs":true,"m_FxEnabled":true},"in2DMode":false,"pivot":{"x":50.64302062988281,"y":-49.457557678222659,"z":103.48223876953125},"rotation":{"x":-0.3318558633327484,"y":0.027467532083392144,"z":-0.009584428742527962,"w":-0.9429389834403992},"size":82.51777648925781,"orthographic":false}