{"cameraMode":{"drawMode":0,"name":"Shaded","section":"Shading Mode"},"sceneLighting":true,"audioPlay":false,"sceneViewState":{"m_AlwaysRefresh":false,"showFog":true,"showSkybox":true,"showFlares":true,"showImageEffects":true,"showParticleSystems":true,"showVisualEffectGraphs":true,"m_FxEnabled":true},"in2DMode":false,"pivot":{"x":82.83422088623047,"y":-46.988285064697269,"z":199.59072875976563},"rotation":{"x":0.049526654183864596,"y":0.87191241979599,"z":-0.47882935404777529,"w":0.09031333774328232},"size":147.3764190673828,"orthographic":false}